protein_sequence,mhc_haplotype,percentile,p
IMIWVEIFTIVVVVCILMCVILVLLIFYCI,HLA-A*01:01,0.1,0.14277922268941298
IMIWVEIFTIVVVVCILMCVILVLLIFYCI,HLA-B*39:01,0.1,0
VYLLFWMVWYLFCFICIMCLILFMFALIIP,HLA-DQA1*0401/DQB1*0402,0.1,0
VYLLFWMVWYLFCFICIMCLILFMFALIIP,HLA-DQA1*0101/DQB1*0501,0.1,0
VYLLFWMVWYLFCFICIMCLILFMFALIIP,HLA-DQA1*0102/DQB1*0602,0.1,0
YVAFCLILIFICMVGTMYYSVCLICLIIMV,HLA-A*01:01,0.1,0
YVAFCLILIFICMVGTMYYSVCLICLIIMV,HLA-A*02:01,0.1,0
YVAFCLILIFICMVGTMYYSVCLICLIIMV,HLA-A*03:01,0.1,0
YVAFCLILIFICMVGTMYYSVCLICLIIMV,HLA-A*24:02,0.1,0.02069968474597131
YVAFCLILIFICMVGTMYYSVCLICLIIMV,HLA-A*26:01,0.1,0
YVAFCLILIFICMVGTMYYSVCLICLIIMV,HLA-B*07:02,0.1,0
YVAFCLILIFICMVGTMYYSVCLICLIIMV,HLA-B*08:01,0.1,0
IMIWVEIFTIVVVVCILMCVILVLLIFYCI,HLA-B*40:02,0.1,0
YVAFCLILIFICMVGTMYYSVCLICLIIMV,HLA-B*18:01,0.1,0
YVAFCLILIFICMVGTMYYSVCLICLIIMV,HLA-B*27:05,0.1,0.20468924229606034
YVAFCLILIFICMVGTMYYSVCLICLIIMV,HLA-B*39:01,0.1,0
YVAFCLILIFICMVGTMYYSVCLICLIIMV,HLA-B*40:02,0.1,0
YVAFCLILIFICMVGTMYYSVCLICLIIMV,HLA-B*58:01,0.1,0
YVAFCLILIFICMVGTMYYSVCLICLIIMV,HLA-B*15:01,0.1,0
YVAFCLILIFICMVGTMYYSVCLICLIIMV,HLA-DRB1*0101,0.1,0.0035129543502065985
YVAFCLILIFICMVGTMYYSVCLICLIIMV,HLA-DRB1*0301,0.1,0.06987558982742717
YVAFCLILIFICMVGTMYYSVCLICLIIMV,HLA-DRB1*0401,0.1,0.14955621208552072
YVAFCLILIFICMVGTMYYSVCLICLIIMV,HLA-DRB1*0405,0.1,0
IMIWVEIFTIVVVVCILMCVILVLLIFYCI,HLA-B*58:01,0.1,0
YVAFCLILIFICMVGTMYYSVCLICLIIMV,HLA-DRB1*0701,0.1,0.010627554869198348
YVAFCLILIFICMVGTMYYSVCLICLIIMV,HLA-DRB1*0802,0.1,0.027773372535947836
YVAFCLILIFICMVGTMYYSVCLICLIIMV,HLA-DRB1*0901,0.1,0.039657596534990125
YVAFCLILIFICMVGTMYYSVCLICLIIMV,HLA-DRB1*1101,0.1,0.31973545504008283
YVAFCLILIFICMVGTMYYSVCLICLIIMV,HLA-DRB1*1201,0.1,0.0562326811863445
YVAFCLILIFICMVGTMYYSVCLICLIIMV,HLA-DRB1*1302,0.1,0.0286772313934604
YVAFCLILIFICMVGTMYYSVCLICLIIMV,HLA-DRB1*1501,0.1,0.2179127507070146
YVAFCLILIFICMVGTMYYSVCLICLIIMV,HLA-DRB3*0101,0.1,0.12534216846228302
YVAFCLILIFICMVGTMYYSVCLICLIIMV,HLA-DRB3*0202,0.1,0.0753336749931115
YVAFCLILIFICMVGTMYYSVCLICLIIMV,HLA-DRB4*0101,0.1,0.09208586555420382
IMIWVEIFTIVVVVCILMCVILVLLIFYCI,HLA-B*15:01,0.1,0
YVAFCLILIFICMVGTMYYSVCLICLIIMV,HLA-DRB5*0101,0.1,0.009409206639269363
YVAFCLILIFICMVGTMYYSVCLICLIIMV,HLA-DQA1*0501/DQB1*0201,0.1,0
YVAFCLILIFICMVGTMYYSVCLICLIIMV,HLA-DQA1*0501/DQB1*0301,0.1,0
YVAFCLILIFICMVGTMYYSVCLICLIIMV,HLA-DQA1*0301/DQB1*0302,0.1,0
YVAFCLILIFICMVGTMYYSVCLICLIIMV,HLA-DQA1*0401/DQB1*0402,0.1,0.021702880885573816
YVAFCLILIFICMVGTMYYSVCLICLIIMV,HLA-DQA1*0101/DQB1*0501,0.1,0
YVAFCLILIFICMVGTMYYSVCLICLIIMV,HLA-DQA1*0102/DQB1*0602,0.1,0
VIVFVIIACMIIYICVCLWCIIFMLALIVV,HLA-A*01:01,0.1,0.07495986433194946
VIVFVIIACMIIYICVCLWCIIFMLALIVV,HLA-A*02:01,0.1,0
VIVFVIIACMIIYICVCLWCIIFMLALIVV,HLA-A*03:01,0.1,0
IMIWVEIFTIVVVVCILMCVILVLLIFYCI,HLA-DRB1*0101,0.1,0
VIVFVIIACMIIYICVCLWCIIFMLALIVV,HLA-A*24:02,0.1,0.02087076400362894
VIVFVIIACMIIYICVCLWCIIFMLALIVV,HLA-A*26:01,0.1,0
VIVFVIIACMIIYICVCLWCIIFMLALIVV,HLA-B*07:02,0.1,0
VIVFVIIACMIIYICVCLWCIIFMLALIVV,HLA-B*08:01,0.1,0
VIVFVIIACMIIYICVCLWCIIFMLALIVV,HLA-B*18:01,0.1,0
VIVFVIIACMIIYICVCLWCIIFMLALIVV,HLA-B*27:05,0.1,0
VIVFVIIACMIIYICVCLWCIIFMLALIVV,HLA-B*39:01,0.1,0
VIVFVIIACMIIYICVCLWCIIFMLALIVV,HLA-B*40:02,0.1,0
VIVFVIIACMIIYICVCLWCIIFMLALIVV,HLA-B*58:01,0.1,0.00214542294025577
VIVFVIIACMIIYICVCLWCIIFMLALIVV,HLA-B*15:01,0.1,0
IMIWVEIFTIVVVVCILMCVILVLLIFYCI,HLA-DRB1*0301,0.1,0
VIVFVIIACMIIYICVCLWCIIFMLALIVV,HLA-DRB1*0101,0.1,0.11382384053213312
VIVFVIIACMIIYICVCLWCIIFMLALIVV,HLA-DRB1*0301,0.1,0.16638969847780571
VIVFVIIACMIIYICVCLWCIIFMLALIVV,HLA-DRB1*0401,0.1,0.18784935382942514
VIVFVIIACMIIYICVCLWCIIFMLALIVV,HLA-DRB1*0405,0.1,0
VIVFVIIACMIIYICVCLWCIIFMLALIVV,HLA-DRB1*0701,0.1,0.07669744189787342
VIVFVIIACMIIYICVCLWCIIFMLALIVV,HLA-DRB1*0802,0.1,0.08328185370822051
VIVFVIIACMIIYICVCLWCIIFMLALIVV,HLA-DRB1*0901,0.1,0.11762158206146997
VIVFVIIACMIIYICVCLWCIIFMLALIVV,HLA-DRB1*1101,0.1,0.04307391019202489
VIVFVIIACMIIYICVCLWCIIFMLALIVV,HLA-DRB1*1201,0.1,0
VIVFVIIACMIIYICVCLWCIIFMLALIVV,HLA-DRB1*1302,0.1,4.966703501072534e-4
IMIWVEIFTIVVVVCILMCVILVLLIFYCI,HLA-DRB1*0401,0.1,0.089043259473335
VIVFVIIACMIIYICVCLWCIIFMLALIVV,HLA-DRB1*1501,0.1,0.15125965094440139
VIVFVIIACMIIYICVCLWCIIFMLALIVV,HLA-DRB3*0101,0.1,0.005668464724640998
VIVFVIIACMIIYICVCLWCIIFMLALIVV,HLA-DRB3*0202,0.1,0.20726934332154415
VIVFVIIACMIIYICVCLWCIIFMLALIVV,HLA-DRB4*0101,0.1,0.004283138096931927
VIVFVIIACMIIYICVCLWCIIFMLALIVV,HLA-DRB5*0101,0.1,0.16329677583296806
VIVFVIIACMIIYICVCLWCIIFMLALIVV,HLA-DQA1*0501/DQB1*0201,0.1,0
VIVFVIIACMIIYICVCLWCIIFMLALIVV,HLA-DQA1*0501/DQB1*0301,0.1,0
VIVFVIIACMIIYICVCLWCIIFMLALIVV,HLA-DQA1*0301/DQB1*0302,0.1,0
VIVFVIIACMIIYICVCLWCIIFMLALIVV,HLA-DQA1*0401/DQB1*0402,0.1,0
VIVFVIIACMIIYICVCLWCIIFMLALIVV,HLA-DQA1*0101/DQB1*0501,0.1,0
IMIWVEIFTIVVVVCILMCVILVLLIFYCI,HLA-DRB1*0405,0.1,0
VIVFVIIACMIIYICVCLWCIIFMLALIVV,HLA-DQA1*0102/DQB1*0602,0.1,0
LMLCCPMIMGLLLAVFLFCILIMIIVVCFA,HLA-A*01:01,0.1,0.0816254353727488
LMLCCPMIMGLLLAVFLFCILIMIIVVCFA,HLA-A*02:01,0.1,0
LMLCCPMIMGLLLAVFLFCILIMIIVVCFA,HLA-A*03:01,0.1,0
LMLCCPMIMGLLLAVFLFCILIMIIVVCFA,HLA-A*24:02,0.1,0.08395412693494964
LMLCCPMIMGLLLAVFLFCILIMIIVVCFA,HLA-A*26:01,0.1,0
LMLCCPMIMGLLLAVFLFCILIMIIVVCFA,HLA-B*07:02,0.1,0
LMLCCPMIMGLLLAVFLFCILIMIIVVCFA,HLA-B*08:01,0.1,0
LMLCCPMIMGLLLAVFLFCILIMIIVVCFA,HLA-B*18:01,0.1,0
LMLCCPMIMGLLLAVFLFCILIMIIVVCFA,HLA-B*27:05,0.1,0
IMIWVEIFTIVVVVCILMCVILVLLIFYCI,HLA-DRB1*0701,0.1,0.03586094376407756
LMLCCPMIMGLLLAVFLFCILIMIIVVCFA,HLA-B*39:01,0.1,0
LMLCCPMIMGLLLAVFLFCILIMIIVVCFA,HLA-B*40:02,0.1,0
LMLCCPMIMGLLLAVFLFCILIMIIVVCFA,HLA-B*58:01,0.1,0.15384773845317823
LMLCCPMIMGLLLAVFLFCILIMIIVVCFA,HLA-B*15:01,0.1,0
LMLCCPMIMGLLLAVFLFCILIMIIVVCFA,HLA-DRB1*0101,0.1,2.593797871187631e-4
LMLCCPMIMGLLLAVFLFCILIMIIVVCFA,HLA-DRB1*0301,0.1,0.03623040287379656
LMLCCPMIMGLLLAVFLFCILIMIIVVCFA,HLA-DRB1*0401,0.1,0.005967029953751646
LMLCCPMIMGLLLAVFLFCILIMIIVVCFA,HLA-DRB1*0405,0.1,0
LMLCCPMIMGLLLAVFLFCILIMIIVVCFA,HLA-DRB1*0701,0.1,0.07738207217124493
LMLCCPMIMGLLLAVFLFCILIMIIVVCFA,HLA-DRB1*0802,0.1,0.01996138612847175
IMIWVEIFTIVVVVCILMCVILVLLIFYCI,HLA-DRB1*0802,0.1,0.047377103307972734
LMLCCPMIMGLLLAVFLFCILIMIIVVCFA,HLA-DRB1*0901,0.1,0.03435521121138857
LMLCCPMIMGLLLAVFLFCILIMIIVVCFA,HLA-DRB1*1101,0.1,0.1243809204296833
LMLCCPMIMGLLLAVFLFCILIMIIVVCFA,HLA-DRB1*1201,0.1,0.29577481473953315
LMLCCPMIMGLLLAVFLFCILIMIIVVCFA,HLA-DRB1*1302,0.1,0.08638906379769136
LMLCCPMIMGLLLAVFLFCILIMIIVVCFA,HLA-DRB1*1501,0.1,0.05304424116087099
LMLCCPMIMGLLLAVFLFCILIMIIVVCFA,HLA-DRB3*0101,0.1,0.20656420875235224
LMLCCPMIMGLLLAVFLFCILIMIIVVCFA,HLA-DRB3*0202,0.1,0.0038882942703092073
LMLCCPMIMGLLLAVFLFCILIMIIVVCFA,HLA-DRB4*0101,0.1,0.2241540294904042
LMLCCPMIMGLLLAVFLFCILIMIIVVCFA,HLA-DRB5*0101,0.1,0.08204183643846877
LMLCCPMIMGLLLAVFLFCILIMIIVVCFA,HLA-DQA1*0501/DQB1*0201,0.1,0
IMIWVEIFTIVVVVCILMCVILVLLIFYCI,HLA-A*02:01,0.1,0
IMIWVEIFTIVVVVCILMCVILVLLIFYCI,HLA-DRB1*0901,0.1,0.052125787848041956
LMLCCPMIMGLLLAVFLFCILIMIIVVCFA,HLA-DQA1*0501/DQB1*0301,0.1,0.0059041642942733175
LMLCCPMIMGLLLAVFLFCILIMIIVVCFA,HLA-DQA1*0301/DQB1*0302,0.1,0
LMLCCPMIMGLLLAVFLFCILIMIIVVCFA,HLA-DQA1*0401/DQB1*0402,0.1,8.295979130296116e-4
LMLCCPMIMGLLLAVFLFCILIMIIVVCFA,HLA-DQA1*0101/DQB1*0501,0.1,0
LMLCCPMIMGLLLAVFLFCILIMIIVVCFA,HLA-DQA1*0102/DQB1*0602,0.1,7.023568113414536e-4
FFIFWCMAMIAIMCVCGLVVSHIVPLVIII,HLA-A*01:01,0.1,0
FFIFWCMAMIAIMCVCGLVVSHIVPLVIII,HLA-A*02:01,0.1,0
FFIFWCMAMIAIMCVCGLVVSHIVPLVIII,HLA-A*03:01,0.1,0
FFIFWCMAMIAIMCVCGLVVSHIVPLVIII,HLA-A*24:02,0.1,0.018224904708529433
FFIFWCMAMIAIMCVCGLVVSHIVPLVIII,HLA-A*26:01,0.1,0
IMIWVEIFTIVVVVCILMCVILVLLIFYCI,HLA-DRB1*1101,0.1,0.007116072388329786
FFIFWCMAMIAIMCVCGLVVSHIVPLVIII,HLA-B*07:02,0.1,0
FFIFWCMAMIAIMCVCGLVVSHIVPLVIII,HLA-B*08:01,0.1,0
FFIFWCMAMIAIMCVCGLVVSHIVPLVIII,HLA-B*18:01,0.1,0
FFIFWCMAMIAIMCVCGLVVSHIVPLVIII,HLA-B*27:05,0.1,0
FFIFWCMAMIAIMCVCGLVVSHIVPLVIII,HLA-B*39:01,0.1,0
FFIFWCMAMIAIMCVCGLVVSHIVPLVIII,HLA-B*40:02,0.1,0
FFIFWCMAMIAIMCVCGLVVSHIVPLVIII,HLA-B*58:01,0.1,0
FFIFWCMAMIAIMCVCGLVVSHIVPLVIII,HLA-B*15:01,0.1,0
FFIFWCMAMIAIMCVCGLVVSHIVPLVIII,HLA-DRB1*0101,0.1,0
FFIFWCMAMIAIMCVCGLVVSHIVPLVIII,HLA-DRB1*0301,0.1,0.0679059063842703
IMIWVEIFTIVVVVCILMCVILVLLIFYCI,HLA-DRB1*1201,0.1,0
FFIFWCMAMIAIMCVCGLVVSHIVPLVIII,HLA-DRB1*0401,0.1,0
FFIFWCMAMIAIMCVCGLVVSHIVPLVIII,HLA-DRB1*0405,0.1,0
FFIFWCMAMIAIMCVCGLVVSHIVPLVIII,HLA-DRB1*0701,0.1,0.13685960565601607
FFIFWCMAMIAIMCVCGLVVSHIVPLVIII,HLA-DRB1*0802,0.1,0.08258520519329149
FFIFWCMAMIAIMCVCGLVVSHIVPLVIII,HLA-DRB1*0901,0.1,0
FFIFWCMAMIAIMCVCGLVVSHIVPLVIII,HLA-DRB1*1101,0.1,8.825685619396895e-4
FFIFWCMAMIAIMCVCGLVVSHIVPLVIII,HLA-DRB1*1201,0.1,0.11002338529182587
FFIFWCMAMIAIMCVCGLVVSHIVPLVIII,HLA-DRB1*1302,0.1,0.015164112523139095
FFIFWCMAMIAIMCVCGLVVSHIVPLVIII,HLA-DRB1*1501,0.1,0.07426683910047172
FFIFWCMAMIAIMCVCGLVVSHIVPLVIII,HLA-DRB3*0101,0.1,0.21859246083826211
IMIWVEIFTIVVVVCILMCVILVLLIFYCI,HLA-DRB1*1302,0.1,0.039991929256323784
FFIFWCMAMIAIMCVCGLVVSHIVPLVIII,HLA-DRB3*0202,0.1,0.04701968876606144
FFIFWCMAMIAIMCVCGLVVSHIVPLVIII,HLA-DRB4*0101,0.1,0.09324567976736098
FFIFWCMAMIAIMCVCGLVVSHIVPLVIII,HLA-DRB5*0101,0.1,0.04505508535010627
FFIFWCMAMIAIMCVCGLVVSHIVPLVIII,HLA-DQA1*0501/DQB1*0201,0.1,0.09352544117220418
FFIFWCMAMIAIMCVCGLVVSHIVPLVIII,HLA-DQA1*0501/DQB1*0301,0.1,0
FFIFWCMAMIAIMCVCGLVVSHIVPLVIII,HLA-DQA1*0301/DQB1*0302,0.1,0
FFIFWCMAMIAIMCVCGLVVSHIVPLVIII,HLA-DQA1*0401/DQB1*0402,0.1,0.04639800147269857
FFIFWCMAMIAIMCVCGLVVSHIVPLVIII,HLA-DQA1*0101/DQB1*0501,0.1,0
FFIFWCMAMIAIMCVCGLVVSHIVPLVIII,HLA-DQA1*0102/DQB1*0602,0.1,0
TSFAMLCLCLLVILMLVVLLCCYTVWAFLM,HLA-A*01:01,0.1,0
IMIWVEIFTIVVVVCILMCVILVLLIFYCI,HLA-DRB1*1501,0.1,0.14212141581230758
TSFAMLCLCLLVILMLVVLLCCYTVWAFLM,HLA-A*02:01,0.1,1.149469195327324e-5
TSFAMLCLCLLVILMLVVLLCCYTVWAFLM,HLA-A*03:01,0.1,0
TSFAMLCLCLLVILMLVVLLCCYTVWAFLM,HLA-A*24:02,0.1,0.00658016537513612
TSFAMLCLCLLVILMLVVLLCCYTVWAFLM,HLA-A*26:01,0.1,0
TSFAMLCLCLLVILMLVVLLCCYTVWAFLM,HLA-B*07:02,0.1,0
TSFAMLCLCLLVILMLVVLLCCYTVWAFLM,HLA-B*08:01,0.1,0
TSFAMLCLCLLVILMLVVLLCCYTVWAFLM,HLA-B*18:01,0.1,0
TSFAMLCLCLLVILMLVVLLCCYTVWAFLM,HLA-B*27:05,0.1,0
TSFAMLCLCLLVILMLVVLLCCYTVWAFLM,HLA-B*39:01,0.1,0
TSFAMLCLCLLVILMLVVLLCCYTVWAFLM,HLA-B*40:02,0.1,0
IMIWVEIFTIVVVVCILMCVILVLLIFYCI,HLA-DRB3*0101,0.1,0.005435035617261996
TSFAMLCLCLLVILMLVVLLCCYTVWAFLM,HLA-B*58:01,0.1,0.017821465159956418
TSFAMLCLCLLVILMLVVLLCCYTVWAFLM,HLA-B*15:01,0.1,0
TSFAMLCLCLLVILMLVVLLCCYTVWAFLM,HLA-DRB1*0101,0.1,0
TSFAMLCLCLLVILMLVVLLCCYTVWAFLM,HLA-DRB1*0301,0.1,0.04556901262413316
TSFAMLCLCLLVILMLVVLLCCYTVWAFLM,HLA-DRB1*0401,0.1,0.11625138239190447
TSFAMLCLCLLVILMLVVLLCCYTVWAFLM,HLA-DRB1*0405,0.1,0
TSFAMLCLCLLVILMLVVLLCCYTVWAFLM,HLA-DRB1*0701,0.1,0.10909568954231863
TSFAMLCLCLLVILMLVVLLCCYTVWAFLM,HLA-DRB1*0802,0.1,0.029308034245525322
TSFAMLCLCLLVILMLVVLLCCYTVWAFLM,HLA-DRB1*0901,0.1,0.07631768732857876
TSFAMLCLCLLVILMLVVLLCCYTVWAFLM,HLA-DRB1*1101,0.1,0
IMIWVEIFTIVVVVCILMCVILVLLIFYCI,HLA-DRB3*0202,0.1,0.04334332493250595
TSFAMLCLCLLVILMLVVLLCCYTVWAFLM,HLA-DRB1*1201,0.1,0.002723203643962724
TSFAMLCLCLLVILMLVVLLCCYTVWAFLM,HLA-DRB1*1302,0.1,0.019405776843608495
TSFAMLCLCLLVILMLVVLLCCYTVWAFLM,HLA-DRB1*1501,0.1,0.034837002273038604
TSFAMLCLCLLVILMLVVLLCCYTVWAFLM,HLA-DRB3*0101,0.1,0.02125926082001458
TSFAMLCLCLLVILMLVVLLCCYTVWAFLM,HLA-DRB3*0202,0.1,0.003099890846919731
TSFAMLCLCLLVILMLVVLLCCYTVWAFLM,HLA-DRB4*0101,0.1,0.2372321446890111
TSFAMLCLCLLVILMLVVLLCCYTVWAFLM,HLA-DRB5*0101,0.1,0.09077511066030326
TSFAMLCLCLLVILMLVVLLCCYTVWAFLM,HLA-DQA1*0501/DQB1*0201,0.1,0.11126184858109478
TSFAMLCLCLLVILMLVVLLCCYTVWAFLM,HLA-DQA1*0501/DQB1*0301,0.1,0
TSFAMLCLCLLVILMLVVLLCCYTVWAFLM,HLA-DQA1*0301/DQB1*0302,0.1,0
IMIWVEIFTIVVVVCILMCVILVLLIFYCI,HLA-DRB4*0101,0.1,0.10380739198870126
TSFAMLCLCLLVILMLVVLLCCYTVWAFLM,HLA-DQA1*0401/DQB1*0402,0.1,0.21265144455891394
TSFAMLCLCLLVILMLVVLLCCYTVWAFLM,HLA-DQA1*0101/DQB1*0501,0.1,0
TSFAMLCLCLLVILMLVVLLCCYTVWAFLM,HLA-DQA1*0102/DQB1*0602,0.1,0
LIAVVILAACAVFFVCTCLAFMLFLVAMMV,HLA-A*01:01,0.1,3.605661410633898e-4
LIAVVILAACAVFFVCTCLAFMLFLVAMMV,HLA-A*02:01,0.1,0
LIAVVILAACAVFFVCTCLAFMLFLVAMMV,HLA-A*03:01,0.1,0
LIAVVILAACAVFFVCTCLAFMLFLVAMMV,HLA-A*24:02,0.1,0.026261509354459738
LIAVVILAACAVFFVCTCLAFMLFLVAMMV,HLA-A*26:01,0.1,0
LIAVVILAACAVFFVCTCLAFMLFLVAMMV,HLA-B*07:02,0.1,0
LIAVVILAACAVFFVCTCLAFMLFLVAMMV,HLA-B*08:01,0.1,0
IMIWVEIFTIVVVVCILMCVILVLLIFYCI,HLA-DRB5*0101,0.1,0.1288959384809153
LIAVVILAACAVFFVCTCLAFMLFLVAMMV,HLA-B*18:01,0.1,0
LIAVVILAACAVFFVCTCLAFMLFLVAMMV,HLA-B*27:05,0.1,0.09621497578945759
LIAVVILAACAVFFVCTCLAFMLFLVAMMV,HLA-B*39:01,0.1,0
LIAVVILAACAVFFVCTCLAFMLFLVAMMV,HLA-B*40:02,0.1,0
LIAVVILAACAVFFVCTCLAFMLFLVAMMV,HLA-B*58:01,0.1,0
LIAVVILAACAVFFVCTCLAFMLFLVAMMV,HLA-B*15:01,0.1,0
LIAVVILAACAVFFVCTCLAFMLFLVAMMV,HLA-DRB1*0101,0.1,0
LIAVVILAACAVFFVCTCLAFMLFLVAMMV,HLA-DRB1*0301,0.1,0.025822703964156236
LIAVVILAACAVFFVCTCLAFMLFLVAMMV,HLA-DRB1*0401,0.1,0.2127124749702085
LIAVVILAACAVFFVCTCLAFMLFLVAMMV,HLA-DRB1*0405,0.1,0
IMIWVEIFTIVVVVCILMCVILVLLIFYCI,HLA-DQA1*0501/DQB1*0201,0.1,0
LIAVVILAACAVFFVCTCLAFMLFLVAMMV,HLA-DRB1*0701,0.1,0
LIAVVILAACAVFFVCTCLAFMLFLVAMMV,HLA-DRB1*0802,0.1,0.019420320607387298
LIAVVILAACAVFFVCTCLAFMLFLVAMMV,HLA-DRB1*0901,0.1,0.050967590381614136
LIAVVILAACAVFFVCTCLAFMLFLVAMMV,HLA-DRB1*1101,0.1,0
LIAVVILAACAVFFVCTCLAFMLFLVAMMV,HLA-DRB1*1201,0.1,0
LIAVVILAACAVFFVCTCLAFMLFLVAMMV,HLA-DRB1*1302,0.1,0.11299968572530039
LIAVVILAACAVFFVCTCLAFMLFLVAMMV,HLA-DRB1*1501,0.1,0.05774948302080841
LIAVVILAACAVFFVCTCLAFMLFLVAMMV,HLA-DRB3*0101,0.1,0.09372032263191621
LIAVVILAACAVFFVCTCLAFMLFLVAMMV,HLA-DRB3*0202,0.1,0.16498621166355598
LIAVVILAACAVFFVCTCLAFMLFLVAMMV,HLA-DRB4*0101,0.1,0.009059119256597192
IMIWVEIFTIVVVVCILMCVILVLLIFYCI,HLA-A*03:01,0.1,0
IMIWVEIFTIVVVVCILMCVILVLLIFYCI,HLA-DQA1*0501/DQB1*0301,0.1,0
LIAVVILAACAVFFVCTCLAFMLFLVAMMV,HLA-DRB5*0101,0.1,0.19572894373600502
LIAVVILAACAVFFVCTCLAFMLFLVAMMV,HLA-DQA1*0501/DQB1*0201,0.1,0.0035981677566281345
LIAVVILAACAVFFVCTCLAFMLFLVAMMV,HLA-DQA1*0501/DQB1*0301,0.1,0
LIAVVILAACAVFFVCTCLAFMLFLVAMMV,HLA-DQA1*0301/DQB1*0302,0.1,0
LIAVVILAACAVFFVCTCLAFMLFLVAMMV,HLA-DQA1*0401/DQB1*0402,0.1,0.06586219907303659
LIAVVILAACAVFFVCTCLAFMLFLVAMMV,HLA-DQA1*0101/DQB1*0501,0.1,0
LIAVVILAACAVFFVCTCLAFMLFLVAMMV,HLA-DQA1*0102/DQB1*0602,0.1,0
VFICFMCCMVAILMCGTVDLLCVLAMIPIL,HLA-A*01:01,0.1,0.010926779026588562
VFICFMCCMVAILMCGTVDLLCVLAMIPIL,HLA-A*02:01,0.1,0
VFICFMCCMVAILMCGTVDLLCVLAMIPIL,HLA-A*03:01,0.1,0
IMIWVEIFTIVVVVCILMCVILVLLIFYCI,HLA-DQA1*0301/DQB1*0302,0.1,0
VFICFMCCMVAILMCGTVDLLCVLAMIPIL,HLA-A*24:02,0.1,6.357222033266699e-4
VFICFMCCMVAILMCGTVDLLCVLAMIPIL,HLA-A*26:01,0.1,0
VFICFMCCMVAILMCGTVDLLCVLAMIPIL,HLA-B*07:02,0.1,0
VFICFMCCMVAILMCGTVDLLCVLAMIPIL,HLA-B*08:01,0.1,0
VFICFMCCMVAILMCGTVDLLCVLAMIPIL,HLA-B*18:01,0.1,0
VFICFMCCMVAILMCGTVDLLCVLAMIPIL,HLA-B*27:05,0.1,0
VFICFMCCMVAILMCGTVDLLCVLAMIPIL,HLA-B*39:01,0.1,0
VFICFMCCMVAILMCGTVDLLCVLAMIPIL,HLA-B*40:02,0.1,0
VFICFMCCMVAILMCGTVDLLCVLAMIPIL,HLA-B*58:01,0.1,0.11852162091887852
VFICFMCCMVAILMCGTVDLLCVLAMIPIL,HLA-B*15:01,0.1,0
IMIWVEIFTIVVVVCILMCVILVLLIFYCI,HLA-DQA1*0401/DQB1*0402,0.1,0
VFICFMCCMVAILMCGTVDLLCVLAMIPIL,HLA-DRB1*0101,0.1,0
VFICFMCCMVAILMCGTVDLLCVLAMIPIL,HLA-DRB1*0301,0.1,0
VFICFMCCMVAILMCGTVDLLCVLAMIPIL,HLA-DRB1*0401,0.1,0.19055016336792618
VFICFMCCMVAILMCGTVDLLCVLAMIPIL,HLA-DRB1*0405,0.1,0
VFICFMCCMVAILMCGTVDLLCVLAMIPIL,HLA-DRB1*0701,0.1,0.21352208221160685
VFICFMCCMVAILMCGTVDLLCVLAMIPIL,HLA-DRB1*0802,0.1,0.02585449215595803
VFICFMCCMVAILMCGTVDLLCVLAMIPIL,HLA-DRB1*0901,0.1,1.592631281286394e-4
VFICFMCCMVAILMCGTVDLLCVLAMIPIL,HLA-DRB1*1101,0.1,0
VFICFMCCMVAILMCGTVDLLCVLAMIPIL,HLA-DRB1*1201,0.1,0.15793927156240728
VFICFMCCMVAILMCGTVDLLCVLAMIPIL,HLA-DRB1*1302,0.1,0.11030801036786009
IMIWVEIFTIVVVVCILMCVILVLLIFYCI,HLA-DQA1*0101/DQB1*0501,0.1,0
VFICFMCCMVAILMCGTVDLLCVLAMIPIL,HLA-DRB1*1501,0.1,0.11056346610004997
VFICFMCCMVAILMCGTVDLLCVLAMIPIL,HLA-DRB3*0101,0.1,0.12888905004847998
VFICFMCCMVAILMCGTVDLLCVLAMIPIL,HLA-DRB3*0202,0.1,0.12999871652179013
VFICFMCCMVAILMCGTVDLLCVLAMIPIL,HLA-DRB4*0101,0.1,0.46204132169223927
VFICFMCCMVAILMCGTVDLLCVLAMIPIL,HLA-DRB5*0101,0.1,0.15971251608812054
VFICFMCCMVAILMCGTVDLLCVLAMIPIL,HLA-DQA1*0501/DQB1*0201,0.1,0
VFICFMCCMVAILMCGTVDLLCVLAMIPIL,HLA-DQA1*0501/DQB1*0301,0.1,0.009188531780635834
VFICFMCCMVAILMCGTVDLLCVLAMIPIL,HLA-DQA1*0301/DQB1*0302,0.1,0
VFICFMCCMVAILMCGTVDLLCVLAMIPIL,HLA-DQA1*0401/DQB1*0402,0.1,0
VFICFMCCMVAILMCGTVDLLCVLAMIPIL,HLA-DQA1*0101/DQB1*0501,0.1,0
IMIWVEIFTIVVVVCILMCVILVLLIFYCI,HLA-DQA1*0102/DQB1*0602,0.1,0
VFICFMCCMVAILMCGTVDLLCVLAMIPIL,HLA-DQA1*0102/DQB1*0602,0.1,0
FCYTMICIMPSIFNFVMVSIMILLVFIVFY,HLA-A*01:01,0.1,0
FCYTMICIMPSIFNFVMVSIMILLVFIVFY,HLA-A*02:01,0.1,0
FCYTMICIMPSIFNFVMVSIMILLVFIVFY,HLA-A*03:01,0.1,0
FCYTMICIMPSIFNFVMVSIMILLVFIVFY,HLA-A*24:02,0.1,0.019629338923513484
FCYTMICIMPSIFNFVMVSIMILLVFIVFY,HLA-A*26:01,0.1,0
IMIWVEIFTIVVVVCILMCVILVLLIFYCI,HLA-A*24:02,0.1,0.05893735745229253
FCYTMICIMPSIFNFVMVSIMILLVFIVFY,HLA-B*07:02,0.1,0
FCYTMICIMPSIFNFVMVSIMILLVFIVFY,HLA-B*08:01,0.1,0
FCYTMICIMPSIFNFVMVSIMILLVFIVFY,HLA-B*18:01,0.1,0
FCYTMICIMPSIFNFVMVSIMILLVFIVFY,HLA-B*27:05,0.1,0.3831965224252182
FCYTMICIMPSIFNFVMVSIMILLVFIVFY,HLA-B*39:01,0.1,0
FCYTMICIMPSIFNFVMVSIMILLVFIVFY,HLA-B*40:02,0.1,0
FCYTMICIMPSIFNFVMVSIMILLVFIVFY,HLA-B*58:01,0.1,0.00292646557982712
FCYTMICIMPSIFNFVMVSIMILLVFIVFY,HLA-B*15:01,0.1,0
FCYTMICIMPSIFNFVMVSIMILLVFIVFY,HLA-DRB1*0101,0.1,0.008558770240170155
FCYTMICIMPSIFNFVMVSIMILLVFIVFY,HLA-DRB1*0301,0.1,0.011482329708910388
IMIWVEIFTIVVVVCILMCVILVLLIFYCI,HLA-A*26:01,0.1,0
FCYTMICIMPSIFNFVMVSIMILLVFIVFY,HLA-DRB1*0401,0.1,0
FCYTMICIMPSIFNFVMVSIMILLVFIVFY,HLA-DRB1*0405,0.1,0
FCYTMICIMPSIFNFVMVSIMILLVFIVFY,HLA-DRB1*0701,0.1,0.05884455124332333
FCYTMICIMPSIFNFVMVSIMILLVFIVFY,HLA-DRB1*0802,0.1,0.08836800437323611
FCYTMICIMPSIFNFVMVSIMILLVFIVFY,HLA-DRB1*0901,0.1,0
FCYTMICIMPSIFNFVMVSIMILLVFIVFY,HLA-DRB1*1101,0.1,6.172912418167531e-4
FCYTMICIMPSIFNFVMVSIMILLVFIVFY,HLA-DRB1*1201,0.1,0.06837258211379704
FCYTMICIMPSIFNFVMVSIMILLVFIVFY,HLA-DRB1*1302,0.1,0.0024974429581567925
FCYTMICIMPSIFNFVMVSIMILLVFIVFY,HLA-DRB1*1501,0.1,0.11947189229534749
FCYTMICIMPSIFNFVMVSIMILLVFIVFY,HLA-DRB3*0101,0.1,0
IMIWVEIFTIVVVVCILMCVILVLLIFYCI,HLA-B*07:02,0.1,0.007337150234512424
FCYTMICIMPSIFNFVMVSIMILLVFIVFY,HLA-DRB3*0202,0.1,0.061235555057630564
FCYTMICIMPSIFNFVMVSIMILLVFIVFY,HLA-DRB4*0101,0.1,0.10673546133428105
FCYTMICIMPSIFNFVMVSIMILLVFIVFY,HLA-DRB5*0101,0.1,5.005956100805342e-4
FCYTMICIMPSIFNFVMVSIMILLVFIVFY,HLA-DQA1*0501/DQB1*0201,0.1,0
FCYTMICIMPSIFNFVMVSIMILLVFIVFY,HLA-DQA1*0501/DQB1*0301,0.1,0.006815050081687146
FCYTMICIMPSIFNFVMVSIMILLVFIVFY,HLA-DQA1*0301/DQB1*0302,0.1,0
FCYTMICIMPSIFNFVMVSIMILLVFIVFY,HLA-DQA1*0401/DQB1*0402,0.1,0
FCYTMICIMPSIFNFVMVSIMILLVFIVFY,HLA-DQA1*0101/DQB1*0501,0.1,0
FCYTMICIMPSIFNFVMVSIMILLVFIVFY,HLA-DQA1*0102/DQB1*0602,0.1,0
VYLLFWMVWYLFCFICIMCLILFMFALIIP,HLA-A*01:01,0.1,0
IMIWVEIFTIVVVVCILMCVILVLLIFYCI,HLA-B*08:01,0.1,0
VYLLFWMVWYLFCFICIMCLILFMFALIIP,HLA-A*02:01,0.1,0
VYLLFWMVWYLFCFICIMCLILFMFALIIP,HLA-A*03:01,0.1,0
VYLLFWMVWYLFCFICIMCLILFMFALIIP,HLA-A*24:02,0.1,1.725010944447769e-4
VYLLFWMVWYLFCFICIMCLILFMFALIIP,HLA-A*26:01,0.1,0
VYLLFWMVWYLFCFICIMCLILFMFALIIP,HLA-B*07:02,0.1,0
VYLLFWMVWYLFCFICIMCLILFMFALIIP,HLA-B*08:01,0.1,0
VYLLFWMVWYLFCFICIMCLILFMFALIIP,HLA-B*18:01,0.1,0
VYLLFWMVWYLFCFICIMCLILFMFALIIP,HLA-B*27:05,0.1,0
VYLLFWMVWYLFCFICIMCLILFMFALIIP,HLA-B*39:01,0.1,0
VYLLFWMVWYLFCFICIMCLILFMFALIIP,HLA-B*40:02,0.1,0
IMIWVEIFTIVVVVCILMCVILVLLIFYCI,HLA-B*18:01,0.1,0
VYLLFWMVWYLFCFICIMCLILFMFALIIP,HLA-B*58:01,0.1,0
VYLLFWMVWYLFCFICIMCLILFMFALIIP,HLA-B*15:01,0.1,0
VYLLFWMVWYLFCFICIMCLILFMFALIIP,HLA-DRB1*0101,0.1,0
VYLLFWMVWYLFCFICIMCLILFMFALIIP,HLA-DRB1*0301,0.1,0.037744446149634424
VYLLFWMVWYLFCFICIMCLILFMFALIIP,HLA-DRB1*0401,0.1,0.1562269369836309
VYLLFWMVWYLFCFICIMCLILFMFALIIP,HLA-DRB1*0405,0.1,9.735799043765203e-4
VYLLFWMVWYLFCFICIMCLILFMFALIIP,HLA-DRB1*0701,0.1,0.04195916416184646
VYLLFWMVWYLFCFICIMCLILFMFALIIP,HLA-DRB1*0802,0.1,0.001335459828366035
VYLLFWMVWYLFCFICIMCLILFMFALIIP,HLA-DRB1*0901,0.1,0.033377827615867724
VYLLFWMVWYLFCFICIMCLILFMFALIIP,HLA-DRB1*1101,0.1,0
IMIWVEIFTIVVVVCILMCVILVLLIFYCI,HLA-B*27:05,0.1,0
VYLLFWMVWYLFCFICIMCLILFMFALIIP,HLA-DRB1*1201,0.1,0.25581517453534675
VYLLFWMVWYLFCFICIMCLILFMFALIIP,HLA-DRB1*1302,0.1,0.032051007059943355
VYLLFWMVWYLFCFICIMCLILFMFALIIP,HLA-DRB1*1501,0.1,0.05773055350439553
VYLLFWMVWYLFCFICIMCLILFMFALIIP,HLA-DRB3*0101,0.1,0
VYLLFWMVWYLFCFICIMCLILFMFALIIP,HLA-DRB3*0202,0.1,0.033364392731489445
VYLLFWMVWYLFCFICIMCLILFMFALIIP,HLA-DRB4*0101,0.1,0.18656177797998483
VYLLFWMVWYLFCFICIMCLILFMFALIIP,HLA-DRB5*0101,0.1,0.13777105647445076
VYLLFWMVWYLFCFICIMCLILFMFALIIP,HLA-DQA1*0501/DQB1*0201,0.1,0
VYLLFWMVWYLFCFICIMCLILFMFALIIP,HLA-DQA1*0501/DQB1*0301,0.1,0.12771010073272873
VYLLFWMVWYLFCFICIMCLILFMFALIIP,HLA-DQA1*0301/DQB1*0302,0.1,0
